x_mm,y_mm,drill_mm,measured_mm
1.712,48.400,1.3,1.18
6.240,48.401,1.3,1.19
1.730,41.885,1.3,1.18
6.240,41.883,1.3,1.18
68.662,40.698,1.0,0.92
70.003,40.699,1.0,0.95
72.711,40.700,1.0,0.92
74.054,40.690,1.0,0.97
1.720,39.360,1.3,1.19
6.234,39.364,1.3,1.18
58.075,38.572,1.7,1.65
63.084,38.574,1.7,1.65
42.147,38.571,1.0,0.91
43.450,38.579,1.0,0.97
48.458,38.588,1.0,0.96
49.815,38.572,1.0,0.84
10.089,33.700,1.0,0.97
12.626,33.706,1.0,0.96
1.714,32.848,1.3,1.17
6.236,32.846,1.3,1.17
44.694,31.205,1.0,0.98
47.241,31.199,1.0,0.96
10.074,31.156,1.0,0.96
12.634,31.160,1.0,0.96
1.718,30.312,1.3,1.19
6.239,30.316,1.3,1.18
10.088,28.614,1.0,0.97
12.633,28.621,1.0,0.96
1.723,23.801,1.3,1.17
6.244,23.799,1.3,1.17
7.737,15.206,1.7,1.66
29.749,15.206,1.7,1.67
56.779,15.208,1.7,1.66
78.799,15.208,1.7,1.66
13.224,15.159,1.7,1.66
35.241,15.153,1.7,1.67
62.264,15.155,1.7,1.66
84.290,15.159,1.7,1.66
5.528,13.482,1.7,1.67
15.399,13.396,1.7,1.63
27.537,13.479,1.7,1.67
37.430,13.392,1.7,1.66
54.566,13.479,1.7,1.66
76.611,13.480,1.7,1.66
64.460,13.389,1.7,1.64
86.473,13.393,1.7,1.65
4.309,10.963,1.7,1.67
26.316,10.961,1.7,1.67
53.352,10.962,1.7,1.66
75.366,10.957,1.7,1.66
16.579,10.861,1.7,1.66
38.616,10.870,1.7,1.64
65.638,10.869,1.7,1.65
87.680,10.858,1.7,1.67
54.518,5.619,1.7,1.66
5.465,5.616,1.7,1.66
15.308,5.519,1.7,1.68
27.490,5.622,1.7,1.67
37.346,5.515,1.7,1.65
64.363,5.518,1.7,1.65
76.540,5.616,1.7,1.66
86.397,5.514,1.7,1.66
44.686,5.520,1.0,0.98
47.215,5.503,1.0,0.97
7.635,3.842,1.7,1.65
29.651,3.837,1.7,1.67
56.676,3.841,1.7,1.66
78.719,3.842,1.7,1.66
13.096,3.786,1.7,1.67
35.138,3.789,1.7,1.67
62.158,3.787,1.7,1.65
84.185,3.789,1.7,1.67
10.382,3.202,1.7,1.66
32.396,3.200,1.7,1.66
59.430,3.207,1.7,1.67
81.446,3.207,1.7,1.66
80.193,52.520,0.5,0.47
85.228,52.053,0.5,0.51
9.612,49.867,0.5,0.48
19.254,49.474,0.5,0.50
9.615,48.959,0.5,0.48
80.328,48.955,0.5,0.49
85.336,48.502,0.5,0.49
19.255,48.453,0.5,0.48
9.619,48.085,0.5,0.49
71.612,47.194,0.5,0.47
19.253,46.669,0.5,0.48
40.354,46.553,0.5,0.48
71.608,45.928,0.5,0.49
35.789,45.831,0.5,0.49
19.249,45.669,0.5,0.49
40.382,45.708,0.5,0.48
81.744,45.392,0.5,0.48
27.000,42.491,0.5,0.48
81.743,41.832,0.5,0.48
86.525,41.379,0.5,0.30
26.997,39.682,0.5,0.50
55.605,39.170,0.5,0.50
81.750,38.282,0.5,0.48
38.948,37.785,0.5,0.48
21.770,37.392,0.5,0.49
56.365,36.877,0.5,0.50
49.116,36.501,0.5,0.49
26.744,34.985,0.5,0.50
28.392,34.967,0.5,0.49
81.740,34.720,0.5,0.46
14.537,33.701,0.5,0.49
34.766,33.040,0.5,0.49
18.986,32.303,0.5,0.49
23.239,32.256,0.5,0.42
56.364,32.318,0.5,0.50
30.839,31.413,0.5,0.48
34.701,31.473,0.5,0.48
73.152,31.153,0.5,0.49
74.030,31.155,0.5,0.50
78.872,31.156,0.5,0.49
79.748,31.153,0.5,0.50
81.748,31.138,0.5,0.48
23.361,30.659,0.5,0.49
7.667,28.622,0.5,0.48
28.749,27.669,0.5,0.49
81.740,27.583,0.5,0.48
27.139,27.527,0.5,0.43
86.519,27.134,0.5,0.30
21.864,26.187,0.5,0.48
35.259,25.747,0.5,0.50
41.617,25.731,0.5,0.50
51.172,25.568,0.5,0.50
43.771,25.050,0.5,0.50
33.878,24.213,0.5,0.49
39.963,24.196,0.5,0.50
24.707,24.031,0.5,0.50
81.740,24.011,0.5,0.48
28.427,23.820,0.5,0.52
29.812,23.828,0.5,0.52
71.736,23.658,0.5,0.47
19.622,23.277,0.5,0.49
50.418,23.045,0.5,0.50
43.390,23.018,0.5,0.48
57.396,22.910,0.5,0.49
21.023,22.527,0.5,0.49
39.194,20.774,0.5,0.50
48.993,20.761,0.5,0.50
56.504,20.775,0.5,0.49
66.802,20.768,0.5,0.47
6.777,20.751,0.5,0.48
81.749,20.470,0.5,0.50
86.520,20.010,0.5,0.32
27.623,19.236,0.5,0.51
47.453,19.239,0.5,0.50
65.511,19.247,0.5,0.50
29.765,18.228,0.5,0.50
55.241,18.229,0.5,0.51
53.949,1.898,0.5,0.49
26.872,1.891,0.5,0.48
75.819,1.896,0.5,0.49
2.911,53.069,3.5,NPTH
89.014,53.075,3.5,NPTH
21.440,5.008,3.5,NPTH
70.495,5.005,3.5,NPTH
